id,group,first_name,last_name,city,job
1,glorious,Theresina,Genney,Pyetrykaw,Software Test Engineer I
2,,Jaimie,Hessentaler,Jishu,
3,glorious,Marybelle,Wainman,Cipinang,VP Quality Control
4,glorious,Elena,Congreave,Roissy Charles-de-Gaulle,Food Chemist
5,joyful,Moore,Redemile,Miaotang,Financial Advisor
6,luminous,Claire,Priest,,
7,sorrowful,Desmond,Keely,Boston,Financial Analyst
8,luminous,Elisabeth,Coucha,Nanjie,Administrative Assistant II
9,joyful,Sheff,Dawks,Poxin,Budget/Accounting Analyst II
10,glorious,Carey,O'Doherty,Limoges,Staff Scientist
11,glorious,Lissy,Verny,Yonkers,Computer Systems Analyst IV
12,luminous,Austina,Pestridge,Pontivy,Financial Analyst
13,luminous,Malory,Yankin,,Senior Cost Accountant
14,sorrowful,Chryste,Deeves,Atouguia,Staff Accountant I
15,sorrowful,Marta,Senn,Dinjo,Product Engineer
16,glorious,Elka,Luce,Naze,Quality Engineer
17,luminous,Marinna,Benitez,Carbajales,Food Chemist
18,luminous,Alix,Lynn,Michałów-Reginów,Librarian
19,luminous,Kacie,Dunne,Bāgh-e Maīdān,
20,luminous,Paten,Solomonides,Geita,Administrative Officer
21,luminous,Kaleb,Fiske,Thawi Watthana,Programmer Analyst IV
22,luminous,Coop,MacGragh,Bishan,VP Sales
23,joyful,Karalynn,Sapena,Clarin,Systems Administrator IV
24,glorious,Lonny,Al Hirsi,Outlook,Teacher
25,glorious,Gerda,Hewes,Ubud,Librarian
26,joyful,Maureen,O'Rourke,Na Thawi,Biostatistician IV
27,sorrowful,Marcelia,Proudlock,Palalang,GIS Technical Architect
28,sorrowful,Haleigh,Eunson,Purac,Analog Circuit Design manager
29,glorious,Evvie,Gemlett,Tan-Tan,Technical Writer
30,luminous,Mufinella,O'Kieran,Tayabamba,Developer II
31,luminous,Aila,Denes,Newport News,Automation Specialist I
32,luminous,Curry,Fould,Imeni Babushkina,Web Designer III
33,sorrowful,Judi,Hum,Pittsburgh,Assistant Manager
34,glorious,Annetta,Bixley,Thủ Thừa,
35,sorrowful,Caritta,Trowill,Topdac,
36,glorious,Yorgo,Kloser,Ituberá,Registered Nurse
37,luminous,Joannes,Gourdon,Longjumeau,Human Resources Assistant I
38,luminous,Cassandry,Bernholt,Lebedyn,VP Marketing
39,joyful,Hinda,Jarry,Osh,Staff Scientist
40,luminous,Dick,Alfonso,Arbeláez,Payment Adjustment Coordinator
41,,Amelita,Matoshin,Cascais,
42,joyful,Bron,Losemann,Tafo,Design Engineer
43,sorrowful,Elsey,Bettenay,Maracaju,Assistant Media Planner
44,,Natassia,Cleland,Örebro,Software Consultant
45,sorrowful,Dolly,Tosh,Jiang’an,
46,sorrowful,Normie,Burkart,Ketovo,Occupational Therapist
47,sorrowful,Ekaterina,Galliver,Osinniki,Media Manager II
48,luminous,Nonna,MacCoveney,Phoenix,Engineer IV
49,,Aldis,Gossan,Santa Iria de Azóia,Cost Accountant
50,luminous,Karilynn,Nafziger,Palca,Senior Cost Accountant
51,luminous,Wilhelm,Stickells,Dasha,Senior Sales Associate
52,luminous,Harlen,Duigan,Mayhan,Paralegal
53,glorious,Tadeas,Dandy,,Health Coach II
54,luminous,Kathlin,Khrishtafovich,Fare,Assistant Manager
55,glorious,Jim,Lukianovich,Krajan Demit,Cost Accountant
56,sorrowful,Fairfax,Tressler,Murmino,Executive Secretary
57,glorious,Alleyn,Steabler,Ipoh,Research Nurse
58,joyful,Lissy,Brecon,Jinotepe,Help Desk Technician
59,,Sabrina,Sharpin,Tal’ne,
60,glorious,Della,Dudhill,La Cumbre,Senior Editor
61,sorrowful,Irv,Ballantine,Guifeng,Junior Executive
62,sorrowful,Obidiah,Doyland,Sunfang,Software Test Engineer III
63,luminous,Modestia,Reston,Thanatpin,Nurse
64,sorrowful,Yorgos,Popov,Bingawan,Graphic Designer
65,joyful,Evangeline,Neles,Dourados,Graphic Designer
66,joyful,Thoma,Rushbury,Plagiári,Librarian
67,sorrowful,Judi,Calan,Bourges,Research Associate
68,sorrowful,Lawton,Howels,Laiya,Product Engineer
69,luminous,Tomasine,Parnell,Yushan,VP Product Management
70,sorrowful,Deeyn,Grayshon,Gardawice,
71,sorrowful,Tamas,McNirlin,Dorowa Mining Lease,Recruiting Manager
72,joyful,Tonia,Dohr,,Research Associate
73,sorrowful,Kiele,Elson,Bečej,Graphic Designer
74,joyful,Braden,Eisenberg,Yuqi,Quality Engineer
75,glorious,Diandra,Alesin,Cimuncang,Human Resources Assistant I
76,sorrowful,Jeanette,Sheepy,Wasquehal,Data Coordinator
77,sorrowful,Veronique,Slimm,Kedunglo,Biostatistician II
78,luminous,Ransell,Janecek,Turnišče,Assistant Media Planner
79,joyful,Karlan,Weepers,Pangradin Satu,Administrative Assistant I
80,glorious,Justine,Sloey,Xieqiao,Budget/Accounting Analyst IV
81,joyful,Grethel,Blinman,Coalaque,Media Manager IV
82,luminous,Ofilia,Boxill,Fucha,
83,glorious,Spencer,McPhilip,Irkutsk,VP Product Management
84,sorrowful,Morganne,Maxworthy,,Executive Secretary
85,glorious,Cleavland,Skidmore,Pointe-à-Pitre,Business Systems Development Analyst
86,joyful,Cazzie,Jerams,San Rafael,
87,glorious,Hunfredo,Spears,Benito Juarez,Chief Design Engineer
88,luminous,Bev,Vasyutin,Jawl al Majma‘,Clinical Specialist
89,luminous,Gretta,Alwin,Changxingbao,Internal Auditor
90,joyful,Melanie,Nealon,Zlatograd,Data Coordinator
91,luminous,Boniface,Dutnell,Lazaro Cardenas,Marketing Manager
92,joyful,Eric,Garn,Duifang,Assistant Media Planner
93,joyful,Hester,Christofor,Cherëmukhovo,Accounting Assistant II
94,luminous,Doro,Wonfor,Atlanta,Account Coordinator
95,joyful,Oneida,Anneslie,Nilópolis,Accounting Assistant IV
96,luminous,Latashia,Jensen,Dāngām,Assistant Media Planner
97,luminous,Hastings,Brunger,Mugi,Director of Sales
98,sorrowful,Chickie,Hammerberger,Bourg-en-Bresse,Recruiting Manager
99,luminous,Marnie,Skocroft,Bel Air Rivière Sèche,VP Quality Control
100,glorious,Krishnah,Sydes,Svalöv,Project Manager
101,,Deina,McCarrell,Khirdalan,Research Associate
102,sorrowful,Isador,Di Carlo,Marathon,VP Accounting
103,joyful,Korney,Nacey,,Chemical Engineer
104,sorrowful,Kleon,Airdrie,Vila de Rei,Graphic Designer
105,sorrowful,Joachim,Moorey,Manikchari,Quality Control Specialist
106,luminous,Carmelle,Shankland,Chaodi,Administrative Assistant I
107,joyful,Jeramey,Petegre,Vinež,Senior Cost Accountant
108,luminous,Harlie,Everist,Phatthalung,Actuary
109,,Darrelle,Huckell,Kauhava,Speech Pathologist
110,sorrowful,Kalli,Emblem,Quichuay,Statistician IV
111,joyful,Julia,Carvill,Paojan,Pharmacist
112,sorrowful,Domenico,Ballister,Puntarenas,VP Product Management
113,luminous,Agathe,Mohammad,Kunri,Human Resources Assistant III
114,luminous,Jere,Vannet,Panggungasri,Nurse Practicioner
115,luminous,Alexandra,Gerwood,Lillers,VP Marketing
116,glorious,Livvie,Saywood,Masachapa,Staff Accountant I
117,glorious,Tasia,Marwick,La Garenne-Colombes,Assistant Manager
118,sorrowful,Karole,Iohananof,Bakaran Kulon,Administrative Assistant III
119,sorrowful,Raffarty,Weaver,Fankeng,Structural Analysis Engineer
120,glorious,Deni,Vines,Jardim do Seridó,VP Sales
121,luminous,Dalston,Waterland,Pura,Help Desk Operator
122,glorious,Devland,Craigs,Gejiu,Account Executive
123,joyful,Deb,Pinkstone,Mantampay,Mechanical Systems Engineer
124,luminous,Bondy,Johnke,Asheville,
125,joyful,Bucky,Baynton,Malayal,Budget/Accounting Analyst II
126,,Joelie,Hennington,Guanzhou,Project Manager
127,sorrowful,Joey,Thornewell,Opatów,Geological Engineer
128,joyful,Charin,Satchell,Awsīm,Recruiter
129,glorious,Spense,Giveen,Taganrog,Account Coordinator
130,sorrowful,Kelwin,Rosellini,Hufang,Graphic Designer
131,joyful,Lucio,Scarf,Karlskoga,
132,glorious,Danette,Laybourn,Roshal’,Speech Pathologist
133,sorrowful,Ax,Mildenhall,,Registered Nurse
134,luminous,Annetta,Baguley,Cotuí,Assistant Manager
135,glorious,Page,Bonds,Curahklapa,Librarian
136,sorrowful,Grant,Lesek,Dengteke,Senior Financial Analyst
137,luminous,Chalmers,Danjoie,Succha,Registered Nurse
138,glorious,Donella,Roskelley,Chābahār,Pharmacist
139,luminous,James,Darbey,Sukamenak,Director of Sales
140,joyful,Tabby,Birchner,Liufeng,GIS Technical Architect
141,glorious,Mandel,Oade,Shijiao,
142,luminous,Batsheva,Rusbridge,Melaka,Human Resources Assistant III
143,luminous,Maisey,Tupp,Nangaroro,Quality Engineer
144,joyful,Anson,Dalgarno,Borok,Community Outreach Specialist
145,glorious,Phillida,Robertis,Betong,Account Representative III
146,,Christian,MacCroary,Bunol,Tax Accountant
147,luminous,Davidson,Grigoliis,Qishn,Professor
148,joyful,Geoffry,Konmann,Jiexiu,Electrical Engineer
149,,Orville,Montague,Sayapullo,
150,luminous,Rosabelle,Rixon,Biskamzha,Sales Associate
151,glorious,Alidia,Anstie,Rio Branco do Sul,Recruiter
152,glorious,Garfield,Tenaunt,Smålandsstenar,Web Designer I
153,joyful,Gilberte,Fancy,Azogues,Biostatistician III
154,sorrowful,Cristionna,Vellender,Balung Barat,Social Worker
155,sorrowful,Kelila,Verheyden,Fontanka,Structural Engineer
156,glorious,Durward,Birchwood,Gamut,Research Assistant II
157,luminous,Ansel,Addington,Guariba,Quality Control Specialist
158,joyful,Nita,Dax,Stamáta,Speech Pathologist
159,luminous,Derrick,Brunker,Andkhōy,Sales Representative
160,luminous,Ingamar,Caird,Isfahan,
161,luminous,Seymour,Chong,Jamaica,Project Manager
162,glorious,Boris,Burles,Tournan-en-Brie,
163,sorrowful,Trixi,Bough,Aboisso,VP Marketing
164,joyful,Kalie,Bithany,Namyang-dong,Cost Accountant
165,sorrowful,Chaim,Wadforth,Pubal,Teacher
166,luminous,Cesaro,Viscovi,Pagersari,Electrical Engineer
167,joyful,Husein,Stamper,Kowale,Dental Hygienist
168,sorrowful,Germaine,Julyan,Zelenogorsk,Accounting Assistant IV
169,joyful,Josi,Wilflinger,Sloboda,Human Resources Assistant II
170,sorrowful,Hyacinthia,Riditch,Nagykanizsa,Chemical Engineer
171,joyful,Clary,Chennells,,Human Resources Assistant IV
172,joyful,Patience,Arnecke,Yurovka,Account Representative II
173,joyful,Jorrie,Kyd,Rana,Assistant Manager
174,glorious,Cheryl,Colquit,Vila Chã do Monte,Analyst Programmer
175,luminous,Stinky,Waggett,Halmstad,Community Outreach Specialist
176,sorrowful,Bat,Millom,Russkaya Polyana,Electrical Engineer
177,,Marilin,Prettjohn,Barra Velha,
178,,Ransom,Folkerd,Bogotá,Senior Cost Accountant
179,luminous,Elvina,Drable,Carthage,Programmer Analyst II
180,luminous,Amandi,Hawe,Bous,Web Developer I
181,joyful,Carey,Smellie,Talisay,Account Coordinator
182,glorious,Nappie,Roscow,Qiandian,VP Marketing
183,glorious,Kalila,Breitling,Konga,Administrative Assistant I
184,luminous,Giacinta,Symson,Mandesan,Director of Sales
185,sorrowful,Marian,Osment,Richmond,Assistant Manager
186,luminous,Kayley,Menezes,Kisela Voda,Web Designer IV
187,luminous,Cecelia,Blackborn,Azogues,Geologist III
188,joyful,Hamlen,Boulde,,Civil Engineer
189,luminous,Erina,Moyer,Kama,Web Developer III
190,luminous,Morey,Abisetti,Kuala Lumpur,
191,joyful,Fergus,Tulip,Yaqian,Automation Specialist I
192,joyful,Kimmy,Tarry,Maliang,Senior Quality Engineer
193,,Gennifer,Postans,Wysoka Strzyżowska,Recruiting Manager
194,joyful,Thea,Atley,Ercheng,Associate Professor
195,joyful,Brianne,Hughes,,Civil Engineer
196,luminous,Erastus,Hallard,Louisville,Marketing Assistant
197,glorious,Romeo,Hedney,Balindong,Account Representative I
198,,Vasilis,Rolston,Landskrona,Senior Editor
199,joyful,Peder,Prendeguest,,Programmer Analyst IV
200,sorrowful,Yancy,Bodemeaid,Baixi,Computer Systems Analyst I
